{"cameraMode":{"drawMode":0,"name":"Shaded","section":"Shading Mode"},"sceneLighting":true,"audioPlay":false,"sceneViewState":{"showFog":true,"showMaterialUpdate":false,"showSkybox":true,"showFlares":true,"showImageEffects":true,"showParticleSystems":true},"in2DMode":false,"pivot":{"x":-0.8572404384613037,"y":2.5320680141448976,"z":-0.24913157522678376},"rotation":{"x":-0.027291541919112207,"y":-0.7335236668586731,"z":-0.027459388598799707,"w":0.6788238883018494},"size":0.9157001376152039,"orthographic":false}