{"cameraMode":{"drawMode":0,"name":"Shaded","section":"Shading Mode"},"sceneLighting":false,"audioPlay":false,"sceneViewState":{"showFog":true,"showMaterialUpdate":false,"showSkybox":false,"showFlares":true,"showImageEffects":true,"showParticleSystems":true},"in2DMode":false,"pivot":{"x":-2.3115696907043459,"y":1.0752164125442505,"z":0.7132819294929504},"rotation":{"x":-0.009319835342466832,"y":-0.9888691306114197,"z":0.0701344758272171,"w":-0.13100089132785798},"size":0.34641024470329287,"orthographic":false}