{"cameraMode":{"drawMode":0,"name":"Shaded","section":"Shading Mode"},"sceneLighting":false,"audioPlay":false,"sceneViewState":{"showFog":true,"showMaterialUpdate":false,"showSkybox":false,"showFlares":true,"showImageEffects":true,"showParticleSystems":true},"in2DMode":false,"pivot":{"x":-1.035030722618103,"y":1.4153598546981812,"z":-0.07202843576669693},"rotation":{"x":0.05712302401661873,"y":0.752673864364624,"z":-0.06588321179151535,"w":0.6525945663452148},"size":0.6850066781044006,"orthographic":false}