{"cameraMode":{"drawMode":0,"name":"Shaded","section":"Shading Mode"},"sceneLighting":false,"audioPlay":false,"sceneViewState":{"showFog":true,"showMaterialUpdate":false,"showSkybox":false,"showFlares":true,"showImageEffects":true,"showParticleSystems":true},"in2DMode":false,"pivot":{"x":-0.9777916073799133,"y":1.2942519187927247,"z":0.6940301656723023},"rotation":{"x":-0.0055043455213308338,"y":0.7712497115135193,"z":0.006727791856974363,"w":0.6365600228309631},"size":0.46584928035736086,"orthographic":false}