{"cameraMode":{"drawMode":0,"name":"Shaded","section":"Shading Mode"},"sceneLighting":false,"audioPlay":false,"sceneViewState":{"showFog":true,"showMaterialUpdate":false,"showSkybox":false,"showFlares":true,"showImageEffects":true,"showParticleSystems":true},"in2DMode":false,"pivot":{"x":-2.2289998531341554,"y":1.159000039100647,"z":1.0950000286102296},"rotation":{"x":0.3497895300388336,"y":-0.5942057967185974,"z":0.319881409406662,"w":0.6498608589172363},"size":0.4123106300830841,"orthographic":false}