{"cameraMode":{"drawMode":0,"name":"Shaded","section":"Shading Mode"},"sceneLighting":false,"audioPlay":false,"sceneViewState":{"showFog":true,"showMaterialUpdate":false,"showSkybox":false,"showFlares":true,"showImageEffects":true,"showParticleSystems":true},"in2DMode":false,"pivot":{"x":-0.4677237868309021,"y":1.479406714439392,"z":1.076621174812317},"rotation":{"x":-0.0027719128411263229,"y":0.9852863550186157,"z":-0.17045871913433076,"w":-0.016248948872089387},"size":0.4446316957473755,"orthographic":false}