{"cameraMode":{"drawMode":0,"name":"Shaded","section":"Shading Mode"},"sceneLighting":true,"audioPlay":false,"sceneViewState":{"showFog":true,"showMaterialUpdate":false,"showSkybox":false,"showFlares":true,"showImageEffects":true,"showParticleSystems":true},"in2DMode":false,"pivot":{"x":-3.569751262664795,"y":-3.7671024799346926,"z":-2.564441680908203},"rotation":{"x":0.10863367468118668,"y":-0.8609412312507629,"z":0.45186102390289309,"w":0.20714589953422547},"size":6.225787162780762,"orthographic":false}