{"cameraMode":{"drawMode":0,"name":"Shaded","section":"Shading Mode"},"sceneLighting":false,"audioPlay":false,"sceneViewState":{"showFog":true,"showMaterialUpdate":false,"showSkybox":false,"showFlares":true,"showImageEffects":true,"showParticleSystems":true},"in2DMode":false,"pivot":{"x":-0.6740109920501709,"y":0.07466590404510498,"z":0.3421139419078827},"rotation":{"x":0.09361155331134796,"y":-0.9004026055335999,"z":0.2407902032136917,"w":0.35005322098731997},"size":0.831770122051239,"orthographic":false}