{"cameraMode":{"drawMode":0,"name":"Shaded","section":"Shading Mode"},"sceneLighting":false,"audioPlay":false,"sceneViewState":{"showFog":true,"showMaterialUpdate":false,"showSkybox":false,"showFlares":true,"showImageEffects":true,"showParticleSystems":true},"in2DMode":false,"pivot":{"x":-1.8331419229507447,"y":1.829834222793579,"z":0.7723492980003357},"rotation":{"x":0.11663978546857834,"y":-0.5672259330749512,"z":0.0815637856721878,"w":0.8112173080444336},"size":10.0,"orthographic":false}